AdminUser,password,Workspace,Activation Code
user100@wbxone1451.wbx.ai ,tilvfoomU1!,workspace100,
user101@wbxone1451.wbx.ai ,vlmxvxxpE7!,workspace101,
user102@wbxone1451.wbx.ai,zirgxzofV5!,workspace102,
user103@wbxone1451.wbx.ai ,hlyryafwO7*,workspace103,
user104@wbxone1451.wbx.ai ,rfcbedysO3*,workspace104,
user105@wbxone1451.wbx.ai ,yxklatrtV0!,workspace105,
user106@wbxone1451.wbx.ai ,iehriccyU3!,workspace106,
user107@wbxone1451.wbx.ai ,prsuxvioQ6!,workspace107,
user108@wbxone1451.wbx.ai ,qrirocfpX3!,workspace108,
user109@wbxone1451.wbx.ai ,aqpeakoqT3*,workspace109,
user110@wbxone1451.wbx.ai ,mpgpdtmiA7!,workspace110,
user200@wbxone1451.wbx.ai ,zfqeusuuN5*,workspace200,
user201@wbxone1451.wbx.ai ,rnuncffxS1%,workspace201,
user202@wbxone1451.wbx.ai ,nxhhfpzfG1%,workspace202,
user203@wbxone1451.wbx.ai ,mpytagkmM3!,workspace203,
user204@wbxone1451.wbx.ai ,gokmuuynV7%,workspace204,
user205@wbxone1451.wbx.ai ,fxkqyiapQ2%,workspace205,
user206@wbxone1451.wbx.ai ,lesmkwzhW7%,workspace206,
user207@wbxone1451.wbx.ai ,dakdrzytN4*,workspace207,
user208@wbxone1451.wbx.ai,dplycyqsD5%,workspace208,
user209@wbxone1451.wbx.ai ,ntbzzljwM8%,workspace209,
user210@wbxone1451.wbx.ai ,knduqspvM4*,workspace210,
user300@wbxone1451.wbx.ai ,vybwcfgsZ7*,workspace300,
user301@wbxone1451.wbx.ai ,mwnbqpsrL6%,workspace301,
user302@wbxone1451.wbx.ai ,anhytvpqQ3*,workspace302,
user303@wbxone1451.wbx.ai ,hgmlthjrR0!,workspace303,
user304@wbxone1451.wbx.ai ,lgifbfnhZ3!,workspace304,
user305@wbxone1451.wbx.ai ,vnpsakqtX9%,workspace305,
user306@wbxone1451.wbx.ai ,acijbirzN1*,workspace306,
user307@wbxone1451.wbx.ai ,xdrolflcX7!,workspace307,
user308@wbxone1451.wbx.ai ,msmprdjkR7!,workspace308,
user309@wbxone1451.wbx.ai ,vnreipruG2%,workspace309,
user310@wbxone1451.wbx.ai ,mjmxompxI9%,workspace310,
user400@wbxone1451.wbx.ai ,vzbumgonU4%,workspace400,
user401@wbxone1451.wbx.ai ,pgwbtjhcC6!,workspace401,
user402@wbxone1451.wbx.ai,nausgnzkE5*,workspace402,
user403@wbxone1451.wbx.ai ,qahthpbpR4!,workspace403,
user404@wbxone1451.wbx.ai ,jjndoatlA1%,workspace404,
user405@wbxone1451.wbx.ai ,zrandioeX3%,workspace405,
user406@wbxone1451.wbx.ai ,ykrsveywA9!,workspace406,
user407@wbxone1451.wbx.ai ,tydwxdveE9*,workspace407,
user408@wbxone1451.wbx.ai ,utmizlghI7%,workspace408,
user409@wbxone1451.wbx.ai ,qwjnzqvfT2*,workspace409,
user410@wbxone1451.wbx.ai ,legqvkvaI3*,workspace410,